Workbook

Sheet Resultados
A1: N | B1: Contenido | C1: Página(s) | D1: Palabras sin glosario | E1: Tiempo sin glosario | G1: Palabras con glosario | H1: Tiempo con glosario | J1: Palabras de glosario | K1: Tiempo extra por glosario | M1: Supuesto
A2: 1 | B2: Que_es_pension | C2: 1 | D2: 140 | E2: =D2/Parametros!$B$2/1440 -> 0.00048611111 | F2: 42 | G2: 163 | H2: =G2/Parametros!$B$2/1440 -> 0.00056597222 | I2: 49 | J2: 23 | K2: =(G2-D2)/Parametros!$B$2/1440 -> 7.9861111e-05 | M2: 200 ppm
A3: 2 | B3: Pension_Autofinanciada | C3: 3 | D3: 171 | E3: =D3/Parametros!$B$2/1440 -> 0.00059375 | F3: 51 | G3: 236 | H3: =G3/Parametros!$B$2/1440 -> 0.00081944444 | I3: 71 | J3: 65 | K3: =(G3-D3)/Parametros!$B$2/1440 -> 0.00022569444
A4: 3 | B4: AFP | C4: 5 | D4: 102 | E4: =D4/Parametros!$B$2/1440 -> 0.00035416667 | F4: 31 | G4: 102 | H4: =G4/Parametros!$B$2/1440 -> 0.00035416667 | I4: 31 | J4: 0 | K4: =(G4-D4)/Parametros!$B$2/1440 -> 0 | M4: Totales
A5: 4 | B5: Compania_Seguros | C5: 7 | D5: 145 | E5: =D5/Parametros!$B$2/1440 -> 0.00050347222 | F5: 44 | G5: 145 | H5: =G5/Parametros!$B$2/1440 -> 0.00050347222 | I5: 44 | J5: 0 | K5: =(G5-D5)/Parametros!$B$2/1440 -> 0 | M5: Sin glosario | N5: =E38 -> 0.0236875
A6: 5 | B6: Saldo_Cuenta_Individual | C6: 9 | D6: 94 | E6: =D6/Parametros!$B$2/1440 -> 0.00032638889 | F6: 28 | G6: 94 | H6: =G6/Parametros!$B$2/1440 -> 0.00032638889 | I6: 28 | J6: 0 | K6: =(G6-D6)/Parametros!$B$2/1440 -> 0 | M6: Con glosario | N6: =H38 -> 0.0355
A7: 6 | B7: Movilidad_Fondos_APV_Pension | C7: 11 | D7: 170 | E7: =D7/Parametros!$B$2/1440 -> 0.00059027778 | F7: 51 | G7: 170 | H7: =G7/Parametros!$B$2/1440 -> 0.00059027778 | I7: 51 | J7: 0 | K7: =(G7-D7)/Parametros!$B$2/1440 -> 0
A8: 7 | B8: ELD | C8: 13 | D8: 158 | E8: =D8/Parametros!$B$2/1440 -> 0.00054861111 | F8: 47 | G8: 158 | H8: =G8/Parametros!$B$2/1440 -> 0.00054861111 | I8: 47 | J8: 0 | K8: =(G8-D8)/Parametros!$B$2/1440 -> 0
A9: 8 | B9: Asesores_Prev | C9: 15 | D9: 200 | E9: =D9/Parametros!$B$2/1440 -> 0.00069444444 | F9: 60 | G9: 200 | H9: =G9/Parametros!$B$2/1440 -> 0.00069444444 | I9: 60 | J9: 0 | K9: =(G9-D9)/Parametros!$B$2/1440 -> 0
A10: 9 | B10: Comisiones_AFP | C10: 17 | D10: 64 | E10: =D10/Parametros!$B$2/1440 -> 0.00022222222 | F10: 19 | G10: 64 | H10: =G10/Parametros!$B$2/1440 -> 0.00022222222 | I10: 19 | J10: 0 | K10: =(G10-D10)/Parametros!$B$2/1440 -> 0
A11: 10 | B11: Solicitud_Pension | C11: 19 | D11: 161 | E11: =D11/Parametros!$B$2/1440 -> 0.00055902778 | F11: 48 | G11: 265 | H11: =G11/Parametros!$B$2/1440 -> 0.00092013889 | I11: 79 | J11: 104 | K11: =(G11-D11)/Parametros!$B$2/1440 -> 0.00036111111
A12: 11 | B12: Certificado_de_Saldo | C12: 21 | D12: 162 | E12: =D12/Parametros!$B$2/1440 -> 0.0005625 | F12: 49 | G12: 351 | H12: =G12/Parametros!$B$2/1440 -> 0.00121875 | I12: 105 | J12: 189 | K12: =(G12-D12)/Parametros!$B$2/1440 -> 0.00065625
A13: 12 | B13: Definicion_SCOMP | C13: 23 | D13: 145 | E13: =D13/Parametros!$B$2/1440 -> 0.00050347222 | F13: 44 | G13: 278 | H13: =G13/Parametros!$B$2/1440 -> 0.00096527778 | I13: 83 | J13: 133 | K13: =(G13-D13)/Parametros!$B$2/1440 -> 0.00046180556
A14: 13 | B14: Solicitud_Ofertas | C14: 25 | D14: 124 | E14: =D14/Parametros!$B$2/1440 -> 0.00043055556 | F14: 37 | G14: 339 | H14: =G14/Parametros!$B$2/1440 -> 0.0011770833 | I14: 102 | J14: 215 | K14: =(G14-D14)/Parametros!$B$2/1440 -> 0.00074652778
A15: 14 | B15: Certificado_Oferta | C15: 27 | D15: 226 | E15: =D15/Parametros!$B$2/1440 -> 0.00078472222 | F15: 68 | G15: 226 | H15: =G15/Parametros!$B$2/1440 -> 0.00078472222 | I15: 68 | J15: 0 | K15: =(G15-D15)/Parametros!$B$2/1440 -> 0
A16: 15 | B16: Evaluacion_Ofertas | C16: 29 | D16: 128 | E16: =D16/Parametros!$B$2/1440 -> 0.00044444444 | F16: 38 | G16: 225 | H16: =G16/Parametros!$B$2/1440 -> 0.00078125 | I16: 67 | J16: 97 | K16: =(G16-D16)/Parametros!$B$2/1440 -> 0.00033680556
A17: 16 | B17: Remate | C17: 31 | D17: 134 | E17: =D17/Parametros!$B$2/1440 -> 0.00046527778 | F17: 40 | G17: 269 | H17: =G17/Parametros!$B$2/1440 -> 0.00093402778 | I17: 81 | J17: 135 | K17: =(G17-D17)/Parametros!$B$2/1440 -> 0.00046875
A18: 17 | B18: Acepta_Rechazo_Oferta | C18: 33 | D18: 137 | E18: =D18/Parametros!$B$2/1440 -> 0.00047569444 | F18: 41 | G18: 299 | H18: =G18/Parametros!$B$2/1440 -> 0.0010381944 | I18: 90 | J18: 162 | K18: =(G18-D18)/Parametros!$B$2/1440 -> 0.0005625
... A37: 36 | B37: Calculo_RT_RVD | C37: 73 | D37: 193 | E37: =D37/Parametros!$B$2/1440 -> 0.00067013889 | F37: 58 | G37: 303 | H37: =G37/Parametros!$B$2/1440 -> 0.0010520833 | I37: 91 | J37: 110 | K37: =(G37-D37)/Parametros!$B$2/1440 -> 0.00038194444
A38: TOTAL | D38: =SUM(D2:D37) -> 6822 | E38: =SUM(E2:E37) -> 0.0236875 | G38: =SUM(G2:G37) -> 10224 | H38: =SUM(H2:H37) -> 0.0355 | J38: =SUM(J2:J37) -> 3402 | K38: =SUM(K2:K37) -> 0.0118125

Sheet Parametros
A1: Supuesto
A2: Velocidad de lectura estándar (palabras/min) | B2: 200
A4: Criterio
A5: Se excluyen las páginas "Evaluación rápida del módulo".
A6: Sin glosario = texto del módulo antes del encabezado "Glosario".
A7: Con glosario = texto completo del módulo, incluyendo glosario visible y páginas de glosario asociadas.
A8: Los tiempos se calculan automáticamente desde el conteo de palabras.
